[
  {
    "id": "0",
    "titulo": "Titulo Atualizado",
    "descricao": "Descricao Atualizada",
    "prazo": "Prazo 0",
    "dateUpdated": "2023-09-19T00:50:55.660Z"
  },
  {
    "id": "1",
    "titulo": "Titulo 1",
    "descricao": "Descricao 1",
    "prazo": "Prazo 1"
  },
  {
    "id": "7faf74bc-7b80-4513-b0af-f57629ff7724",
    "dateCreated": "2023-09-19T00:32:09.102Z",
    "dateUpdated": "2023-09-19T00:32:09.102Z"
  },
  {
    "titulo": "Titulo X",
    "descricao": "Descricao X",
    "prazo": "Prazo X",
    "id": "c5371583-9fe2-4865-b46d-dd1db52f366e",
    "dateCreated": "2023-09-19T00:34:31.725Z",
    "dateUpdated": "2023-09-19T00:34:31.725Z"
  },
  {
    "titulo": "Titulo p",
    "descricao": "Descricao p",
    "prazo": "Prazo p",
    "id": "4883d99d-977e-4766-8b35-8b2465dba5a6",
    "dateCreated": "2023-09-19T00:35:27.938Z",
    "dateUpdated": "2023-09-19T00:35:27.938Z"
  },
  {
    "titulo": "Titulo T",
    "descricao": "Descricao T",
    "id": "192c0317-98e2-4e83-9e59-f86a9ca02761",
    "dateCreated": "2023-09-19T00:37:11.005Z",
    "dateUpdated": "2023-09-19T00:37:11.005Z"
  },
  {
    "id": "71c97a1c-24fd-401b-a20a-bb40f3e4e99e",
    "titulo": "Titulo O",
    "descricao": "Descricao O",
    "dateCreated": "2023-09-19T00:47:31.033Z",
    "dateUpdated": "2023-09-19T00:47:31.033Z"
  }
]